combo,n_factors,hold,tickers,trades,win_rate,avg_return,median_return,avg_excess,total_return,max_drawdown,sharpe,sortino,avg_hold,t_stat,low_n
C1+D1+V1,3,10,40,41,65.85365853658537,4.6816128657652225,2.042840394300037,3.0191448873425126,191.94612749637412,-27.612057755533943,2.1122156888875767,5.031331006112683,10.0,1.9917703495263435,False
B3+D1+V1,3,10,40,601,62.562396006655575,3.6546706505020334,2.5645993636661224,2.8689482987531436,2196.4570609517223,-450.34435036011473,1.5545310520917928,2.9439149181158366,10.0,6.179456541129278,False
B3+D1,2,10,40,2389,59.89953955629971,3.3560249701952,1.6903529911570083,2.663251445627864,8017.543653796332,-695.7457777066352,1.579729727862027,3.5074256558824577,10.0,12.727338704184646,False
A2+B3+D1,3,10,40,44,63.63636363636363,4.332971948589622,3.0500087768117514,2.658421227089214,190.65076573794335,-25.540616058637553,2.3265877708222753,5.238481535839564,10.0,2.316721290372223,False
B3+C1+D1+V1,4,10,40,38,65.78947368421053,4.146092674541301,2.503591689237366,2.6428799549830964,157.55152163256946,-26.18781135363578,1.9947237085990073,4.460321732504763,10.0,1.7390606672812041,False
A2+C1,2,10,40,53,58.490566037735846,3.3552166711209805,1.4412751289915673,2.5622683267184034,177.82648356941198,-56.63521066015696,1.624548947708764,4.876870183697734,10.0,2.1519207567427703,False
B3+V1,2,10,40,790,60.63291139240506,3.299900058976656,2.1819270178746146,2.478288839097714,2606.9210465915585,-521.0546074851812,1.4219623295317465,2.7130703849045648,10.0,6.206708634341639,False
B3,1,10,40,3099,58.66408518877058,3.206081429675637,1.4438127790178572,2.4616175812175767,9935.646350564799,-1021.2361806857331,1.492606351593215,3.280962787168785,10.0,13.286075936129988,False
D1+V1,2,10,40,1254,60.76555023923444,3.238702545704931,2.1092355940630108,2.2992550769900233,4061.332992313983,-617.5594810946087,1.518261498227971,2.8623798364454682,10.0,8.017951588909558,False
B3+C1+D1,3,10,40,178,57.865168539325836,3.562286531666229,0.8923754983622695,2.052021824331462,634.0870026365887,-115.9295202040451,1.9077008649832676,5.243685416955065,10.0,3.1535343711041106,False
C1+V1,2,10,40,69,57.971014492753625,3.11863364379693,0.7603945026813757,2.0360801374323936,215.18572142198815,-65.80128515338288,1.4419924528482397,2.9539679931157052,10.0,1.7729936671995923,False
V1,1,10,40,2006,59.57128614157527,2.7685265132113006,1.6075150946722283,1.8174138079669448,5553.664185501869,-718.8129909611114,1.379617577743502,2.6097181866115498,10.0,8.559680682613527,False
B3+C1,2,10,40,253,55.33596837944664,3.0434960563255204,0.6020576820383627,1.8156718981992306,770.0045022503566,-211.2472721448426,1.3285976856622546,2.9417989999982503,10.0,2.745456080168738,False
B3+C1+V1,3,10,40,58,58.620689655172406,2.8769469946661994,0.846436086656002,1.779911839521242,166.86292569063957,-58.92984101255734,1.331723115295237,2.6059989043395517,10.0,1.3945060868178483,False
B2+D1+V1,3,10,40,314,54.77707006369427,2.5562108083518558,1.376934869610308,1.760887159830949,802.6501938224827,-305.41619699582554,1.1767137456364043,2.1226748446527988,10.0,2.9962238454961825,False
D1,1,10,40,5680,57.183098591549296,2.492352704648181,1.1478827587296032,1.740659780112318,14156.56336240167,-1819.931881446115,1.2845132952403135,2.6391400809955727,10.0,14.322373448104049,False
C1+D1,2,10,40,216,56.018518518518526,3.106492573734003,0.5447688097865317,1.6861825066692786,671.0023959265446,-162.95347865048927,1.690446663213209,4.844602506074607,10.0,2.939833839551587,False
B1+V1,2,10,40,530,65.28301886792453,2.8275320792274052,1.9521205377850446,1.6065915329768383,1498.5920019905247,-102.15923957285715,1.8849966727743261,4.275340405923059,10.0,5.553060248488051,False
A2+B1,2,10,40,293,61.43344709897611,2.8040444582030153,1.691160900006915,1.5345327598654905,821.5850262534834,-179.44739231524142,1.680380665090903,3.971308648747982,10.0,3.576751374468784,False
B1+D1+V1,3,10,40,290,62.41379310344828,2.7663895337283075,1.6235534036004502,1.4363666784025595,802.2529647812092,-94.05720403029463,1.7781576037487934,4.437086665041818,10.0,3.5239803359772517,False
A1+B3,2,10,40,657,57.68645357686454,1.814771908463179,0.92421283934982,1.4168205058879975,1192.3051438603086,-395.46841936394407,0.8992542980361644,1.504993531528677,10.0,3.6577712120418533,False
A2+B1+D1,3,10,40,197,60.40609137055838,2.8984110519967228,1.3261790806121099,1.3254147849736864,570.9869772433544,-140.38675053774415,1.6200708680701619,4.1363871323284185,10.0,2.310645704682862,False
A1,1,10,40,989,55.20728008088979,1.7435106806176395,0.7696613753016526,1.2492899817673377,1724.3320631308454,-658.3983226483028,0.8622446010259399,1.535903905983897,10.0,4.015226665710394,False
B1,1,10,40,2222,58.550855085508545,2.090641443383638,1.0991178112051905,1.163257915482507,4645.405287198443,-505.27178191467027,1.3435106353938397,2.823254854289484,10.0,7.865611387193288,False
A1+B3+D1,3,10,40,453,57.17439293598234,1.3042512907173616,0.7697540987472484,1.1404427698954536,590.8258346949648,-361.78658011015494,0.6430681352199912,1.0249709600926822,10.0,2.4337042410842504,False
A2+D1,2,10,40,462,58.00865800865801,2.694893020934962,1.1107404218162258,1.125645520523162,1245.0405756719526,-323.7875081012089,1.4873584135162392,3.456051696554789,10.0,3.1680684461260693,False
C1,1,10,40,366,52.18579234972678,2.0332955764403073,0.19076378625179347,1.0908064818994228,744.1861809771524,-322.8868502857814,0.9528042218926709,2.0010266929150005,10.0,2.1350257395529746,False
B2+V1,2,10,40,627,52.95055821371611,1.9062428129719995,0.5773524365397914,1.0589946508417543,1195.2142437334437,-379.3712542974454,0.9739073756138132,1.8247990585118392,10.0,2.846278270356039,False
B1+D1,2,10,40,1266,57.187993680884674,1.9063918437885612,0.881663438401991,1.0140911052539858,2413.4920742363183,-362.13576912129383,1.2506807686890842,2.7484087225765523,10.0,5.285754511449862,False
A1+D1,2,10,40,570,57.01754385964912,1.2051049605445308,0.8429585680865399,0.9788798459754552,686.9098275103826,-533.7241676161923,0.5939139370800444,0.9567900786118084,10.0,2.3549351676495176,False
B2+D1,2,10,40,1901,52.81430825881115,1.6311774498291913,0.5719093075790891,0.9404021246770634,3100.868332125293,-1327.0016897199348,0.8421981534524083,1.5558332481785067,10.0,4.503910494797753,False
B2,1,10,40,4138,51.3774770420493,1.5831985262731976,0.24678119225891984,0.8921173969411035,6551.275501718492,-1982.2072167644826,0.8620518481531754,1.708307099181578,10.0,6.695591719638255,False
A2,1,10,40,1037,53.712632594021215,1.856674024069496,0.6752417918784535,0.8861648975465354,1925.3709629600673,-550.7181575983632,1.0733889026834984,2.500670873171067,10.0,3.7581589680247576,False
A1+B2,2,10,40,311,49.51768488745981,1.3078792934415824,-0.1831816145777782,0.6924141791253345,406.75046026033215,-296.2743073811137,0.6522948380576993,1.2901603524569294,10.0,1.2890129415480747,False
A2+B2,2,10,40,653,50.076569678407346,1.4061718699918648,0.002043467859783782,0.6196184791372938,918.2302311046877,-398.11060575051187,0.8094493335741951,1.9335293038381114,10.0,2.069596304260856,False
A1+B3+V1,3,10,40,217,57.14285714285714,0.9476614178705621,0.8087885691303713,0.6129302636297055,205.64252767791197,-315.14304136646933,0.40315294138057217,0.6186236704068511,10.0,0.7798321899945468,False
A2+B3,2,10,40,89,55.0561797752809,1.8510717523248197,1.4005006183675413,0.610142159524438,164.74538595690896,-92.4615812887669,1.0217406843151138,2.010530669673184,10.0,0.7270086503200431,False
A2+B2+D1,3,10,40,219,54.794520547945204,2.1122945801172026,0.6665142050049034,0.6006831178498568,462.5925130456674,-285.17351445590015,1.165860957698278,2.545552336262466,10.0,1.2295561465951153,False
A1+B3+D1+V1,4,10,40,148,56.75675675675676,0.7127782215678083,0.7516489065225734,0.5935548138142663,105.49117679203563,-286.557305837469,0.28723330434397437,0.44608495974302975,10.0,0.5875007027051857,False
A2+B2+D1+V1,4,10,40,41,53.65853658536586,1.9986345371230416,0.41750854683020344,0.5201814631888027,81.9440160220447,-50.87504993316625,1.0385481493593276,2.0144644669651077,10.0,0.4043742387161007,False
A1+D1+V1,3,10,40,180,56.666666666666664,0.6240914197923996,0.7563118382064058,0.45767316013697507,112.33645556263193,-350.29148072918144,0.2566427668457333,0.4031943405788353,10.0,0.5081850354858035,False
A1+V1,2,10,40,292,54.109589041095894,0.7079796202460914,0.5297248403938295,0.32847201520004476,206.7300491118587,-367.08016073472294,0.31671424934834985,0.4883838102560275,10.0,0.510365426510005,False
A2+D1+V1,3,10,40,92,54.347826086956516,1.801545441663211,0.8780265776453914,0.2478281218662014,165.74218063301544,-84.3727300427172,1.0512497084483183,2.064305519855245,10.0,0.3200466361538712,False
A2+B1+V1,3,10,40,56,62.5,1.6593473055554209,2.08835001973163,0.22178296467885278,92.92344911110357,-40.651091240593495,1.2380695312821401,2.110328855075871,10.0,0.2966731660090195,False
A2+B2+V1,3,10,40,108,49.074074074074076,0.7493625719621179,-0.27043600447610816,-0.003402279495433869,80.93115777190873,-60.64818749637419,0.46036754954591946,0.9413888990270816,10.0,-0.004705822273690935,False
B2+C1+D1,3,10,40,38,47.368421052631575,0.9714577181567324,-0.18818305487517833,-0.027485876064104933,36.91539328995583,-47.0239584464442,0.5893052217592459,2.1510792750360093,10.0,-0.024278566163505995,False
A1+B2+D1,3,10,40,107,55.140186915887845,0.41522849046299265,1.0824802324722187,-0.047096935359277614,44.42944847954021,-200.8091267027524,0.20441328683222343,0.3392763605502977,10.0,-0.049315496933071086,False
A2+V1,2,10,40,200,51.5,0.8341705843442101,0.10372337458692346,-0.15875179652055127,166.834116868842,-123.01889880890116,0.5233819106373746,1.0081928168268415,10.0,-0.31464769343003035,False
A2+B1+D1+V1,4,10,40,33,57.57575757575758,1.4254849359166646,1.2164292707519506,-0.3997339385399419,47.04100288524993,-18.980769795828976,1.125232393420776,2.4095123866759662,10.0,-0.3960331456846887,False
B2+C1,2,10,40,113,45.13274336283185,-0.22848071923189647,-0.754569228573688,-0.5321222820284638,-25.818321273204305,-139.84567833497508,-0.1380843927341279,-0.2308453722781472,10.0,-0.7393568068294641,False
A1+B2+V1,3,10,40,64,45.3125,-0.2562631537272422,-0.5592950701653691,-0.7486260490401517,-16.4008418385435,-65.06404931775135,-0.1358442394705814,-0.20789401085053621,10.0,-0.645360783332672,False
A2+B3+V1,3,10,40,35,42.857142857142854,-0.19998624711266788,-1.8303670017582097,-1.2059271849426434,-6.999518648943376,-57.778982896920695,-0.1063864156718111,-0.21719902120477316,10.0,-0.8639628617343875,False
A2+B2+C1+D1+V1,5,10,40,1,100.0,34.12009582892351,34.12009582892351,24.88151045776673,34.12009582892351,0.0,,,10.0,,True
A2+B2+C1+V1,4,10,40,4,100.0,12.260471611219247,7.147194667439741,9.969101268738626,49.04188644487699,0.0,4.1324344098075985,,10.0,1.9333764082653482,True
B2+C1+D1+V1,4,10,40,3,66.66666666666666,11.46486862126822,1.698756436779308,7.785167363895111,34.394605863804664,-1.4242464018981587,2.92414698453683,,10.0,0.90150516111298,True
B1+C3,2,10,40,7,71.42857142857143,6.789127305501196,1.2760065078254028,6.589787045890374,47.52389113850837,-4.700987571169335,2.8128388299551688,21.75594681956682,10.0,1.4166584068707442,True
A1+B1,2,10,40,20,65.0,6.462610814038045,2.1884177098074176,4.661849461638064,129.25221628076088,-11.305397615040413,2.8129846821724698,10.581620156195102,10.0,2.1813053036858108,True
A1+B1+D1,3,10,40,10,70.0,5.165454433587746,2.9956862574590537,4.6380309526811665,51.65454433587746,-5.9986944260581545,2.5486678650932335,11.67978005333495,10.0,2.0217961473729456,True
A2+B2+C1+D1,4,10,40,10,50.0,5.859745507694234,-0.7194322551785267,4.153367818844879,58.59745507694234,-17.348910937000532,2.033149903083286,16.594167529039044,10.0,1.1668106794402116,True
B2+C3+V1,3,10,40,4,25.0,3.5904497669429754,-0.8110773442577098,4.069085759745925,14.361799067771901,-4.315424429712515,1.7850566144000792,16.54349039017189,10.0,0.8136623332875428,True
A2+C1+D1+V1,4,10,40,7,57.14285714285714,6.047480467924273,5.131545274535764,4.055030847898927,42.33236327546991,-12.95467702562036,1.8818648823034982,10.33610449072405,10.0,0.8502088974626384,True
A2+C1+D1,3,10,40,23,56.52173913043478,5.779359488740241,2.3716171468761207,3.888599810655509,132.92526824102552,-20.92312865019497,2.2436188835224975,10.206720325879557,10.0,1.8410846829980212,True
A2+B3+C1+D1,4,10,40,13,61.53846153846154,5.7175240895448605,5.131545274535764,3.6849321120483003,74.3278131640832,-20.92312865019498,2.3470206157811577,9.318971073458817,10.0,1.377901547179527,True
A2+B2+C1,3,10,40,27,62.96296296296296,3.982195628932398,2.747839850524011,3.4476822429748206,107.51928198117476,-19.2211476527987,1.886499654497226,7.241191795771813,10.0,2.0243612500767347,True
B2+C1+V1,3,10,40,11,54.54545454545454,4.392981430122596,0.6274012810739895,3.3867857082366513,48.322795731348556,-11.3912929466255,1.9414268592987816,6.8818944247219775,10.0,1.2735065281953175,True
C3+V1,2,10,40,6,50.0,2.777404692392431,-0.2901632375535524,3.2921946802610784,16.66442815435459,-4.315424429712515,1.754408348664172,12.797273550866047,10.0,1.0241726197072336,True
A2+C1+V1,3,10,40,15,60.0,3.9255904189269426,1.4412751289915673,2.8011017526256987,58.883856283904144,-20.22091489298346,1.6917725036497266,4.720702198043636,10.0,1.1482873385727606,True
A1+B2+C1,3,10,40,6,66.66666666666666,1.930255158067493,1.2691277567166748,2.6559074312669138,11.581530948404957,-5.79861076522242,1.7014751237575598,8.031989563878223,10.0,0.9370034506492991,True
B1+C3+V1,3,10,40,2,100.0,1.1513145432913425,1.1513145432913425,1.7384125212913855,2.302629086582685,0.0,4.092251086465645,,10.0,1.5154290869342313,True
A1+B1+D1+V1,4,10,40,5,60.0,1.5464346455552955,2.10811115352131,1.6744950272462256,7.732173227776477,-5.998694426058155,1.2571813810224395,2.9959870414831204,10.0,0.6769956444941478,True
A2+B3+C1,3,10,40,26,53.84615384615385,2.7041231380091237,1.4208878736795543,1.6428000290675089,70.30720158823722,-40.639168841928665,1.3188623789416563,3.3485713432696245,10.0,0.9796189588260708,True
A1+B1+V1,3,10,40,10,50.0,2.146412054304675,-0.11120585495435682,1.470110771059427,21.46412054304675,-13.288436553924354,1.1404969220569596,3.107992567841026,10.0,0.5295689024578424,True
A2+B3+D1+V1,4,10,40,17,52.94117647058824,2.1634195935851603,0.6636566068284633,0.9564279329643735,36.778133090947726,-20.639871721524123,1.0549614989994134,2.15581832103205,10.0,0.45506528696554066,True
A1+C1,2,10,40,15,46.666666666666664,0.022149669870034545,-0.5157936049123646,0.9322300180432173,0.3322450480505182,-27.902019846763032,0.021696430162121246,0.06470297098854806,10.0,0.6052240014454497,True
C3,1,10,40,26,38.46153846153847,1.3251818026523892,-1.065984136150469,0.8862180464080824,34.45472686896212,-33.66909427383389,0.7253770163389155,2.079323805964899,10.0,0.49559271691740997,True
B1+C3+D1,3,10,40,1,100.0,0.15265607151553057,0.15265607151553057,0.5912704106643164,0.15265607151553057,0.0,,,10.0,,True
B1+C3+D1+V1,4,10,40,1,100.0,0.15265607151553057,0.15265607151553057,0.5912704106643164,0.15265607151553057,0.0,,,10.0,,True
A2+B3+C1+D1+V1,5,10,40,6,50.0,1.368711241091066,-0.22890837632341782,0.5839509129209597,8.212267446546395,-12.95467702562036,0.606350259484098,2.3393448694182717,10.0,0.1508811709495437,True
A1+C1+D1,3,10,40,3,33.33333333333333,-0.5165847827403771,-4.505328078006878,0.3110630818133597,-1.5497543482211316,-10.575908837176733,-0.31239168576773285,-2.3430007125672807,10.0,0.05479427075267444,True
A1+B3+C1+D1,4,10,40,3,33.33333333333333,-0.5165847827403771,-4.505328078006878,0.3110630818133597,-1.5497543482211316,-10.575908837176733,-0.31239168576773285,-2.3430007125672807,10.0,0.05479427075267444,True
A2+B3+C1+V1,4,10,40,11,45.45454545454545,0.8947245308206508,-0.7520933378178966,0.19455647403918064,9.84196983902716,-20.22091489298346,0.4856933142633023,1.0759472101124496,10.0,0.08001709383181387,True
A1+B3+C1+V1,4,10,40,5,40.0,-1.0676003309314797,-0.5157936049123646,-0.0178692486304452,-5.338001654657399,-7.165970346887968,-2.406343567831565,-2.988908162389903,10.0,-0.015539519882102417,True
A1+B3+C1,3,10,40,9,33.33333333333333,-1.249920655594938,-2.5606440315339376,-0.21688825743924733,-11.249285900354442,-22.10340908154061,-1.364664241102367,-3.28036034989105,10.0,-0.122015430802246,True
A1+C3,2,10,40,1,0.0,-0.7329825466226354,-0.7329825466226354,-0.23583272436279593,-0.7329825466226354,-0.7329825466226354,,,10.0,,True
A1+C3+V1,3,10,40,1,0.0,-0.7329825466226354,-0.7329825466226354,-0.23583272436279593,-0.7329825466226354,-0.7329825466226354,,,10.0,,True
A1+B2+C3,3,10,40,1,0.0,-0.7329825466226354,-0.7329825466226354,-0.23583272436279593,-0.7329825466226354,-0.7329825466226354,,,10.0,,True
A1+B2+C3+V1,4,10,40,1,0.0,-0.7329825466226354,-0.7329825466226354,-0.23583272436279593,-0.7329825466226354,-0.7329825466226354,,,10.0,,True
A1+C1+V1,3,10,40,6,33.33333333333333,-1.2307087298854387,-1.2810221647837992,-0.26082778301577747,-7.384252379312632,-9.2122210715432,-3.040852011876822,-4.191364730594512,10.0,-0.26894076088652286,True
A1+B2+D1+V1,4,10,40,27,55.55555555555556,-0.032847942858525866,0.74701035393522,-0.5124969909661864,-0.8868944571801984,-101.60921398939007,-0.013835894430938358,-0.023993111856284763,10.0,-0.22119208454286177,True
C3+D1+V1,3,10,40,2,50.0,-0.36825803518862676,-0.36825803518862676,-0.7738358285052966,-0.7365160703772535,-0.8891721418927843,-2.5094086210040825,,10.0,-0.5668685749879928,True
B2+C3,2,10,40,19,26.31578947368421,-0.6878507510287502,-1.793676153887332,-1.2150968481380253,-13.069164269546253,-34.09666062898889,-0.478885442360036,-1.0249224082530066,10.0,-0.7671149884101169,True
A1+B2+C1+V1,4,10,40,1,0.0,-2.0462507246552337,-2.0462507246552337,-1.4756204549424388,-2.0462507246552337,-2.0462507246552337,,,10.0,,True
B2+C3+D1+V1,4,10,40,1,0.0,-0.8891721418927843,-0.8891721418927843,-2.13894206767491,-0.8891721418927843,-0.8891721418927843,,,10.0,,True
A2+C3+V1,3,10,40,1,0.0,-0.8891721418927843,-0.8891721418927843,-2.13894206767491,-0.8891721418927843,-0.8891721418927843,,,10.0,,True
A2+C3+D1,3,10,40,1,0.0,-0.8891721418927843,-0.8891721418927843,-2.13894206767491,-0.8891721418927843,-0.8891721418927843,,,10.0,,True
A2+C3+D1+V1,4,10,40,1,0.0,-0.8891721418927843,-0.8891721418927843,-2.13894206767491,-0.8891721418927843,-0.8891721418927843,,,10.0,,True
A2+B2+C3+V1,4,10,40,1,0.0,-0.8891721418927843,-0.8891721418927843,-2.13894206767491,-0.8891721418927843,-0.8891721418927843,,,10.0,,True
A2+B2+C3+D1,4,10,40,1,0.0,-0.8891721418927843,-0.8891721418927843,-2.13894206767491,-0.8891721418927843,-0.8891721418927843,,,10.0,,True
A2+B2+C3+D1+V1,5,10,40,1,0.0,-0.8891721418927843,-0.8891721418927843,-2.13894206767491,-0.8891721418927843,-0.8891721418927843,,,10.0,,True
C2+V1,2,10,40,1,100.0,0.356099659900254,0.356099659900254,-2.4917369315425586,0.356099659900254,0.0,,,10.0,,True
C2+D1,2,10,40,1,100.0,0.356099659900254,0.356099659900254,-2.4917369315425586,0.356099659900254,0.0,,,10.0,,True
C2+D1+V1,3,10,40,1,100.0,0.356099659900254,0.356099659900254,-2.4917369315425586,0.356099659900254,0.0,,,10.0,,True
B2+C2+V1,3,10,40,1,100.0,0.356099659900254,0.356099659900254,-2.4917369315425586,0.356099659900254,0.0,,,10.0,,True
B2+C2+D1,3,10,40,1,100.0,0.356099659900254,0.356099659900254,-2.4917369315425586,0.356099659900254,0.0,,,10.0,,True
B2+C2+D1+V1,4,10,40,1,100.0,0.356099659900254,0.356099659900254,-2.4917369315425586,0.356099659900254,0.0,,,10.0,,True
A2+C3,2,10,40,3,0.0,-2.88486865772051,-1.793676153887332,-3.20768581567,-8.65460597316153,-8.65460597316153,-5.341304680433545,-5.341304680433545,10.0,-1.949584937815092,True
A2+B2+C3,3,10,40,3,0.0,-2.88486865772051,-1.793676153887332,-3.20768581567,-8.65460597316153,-8.65460597316153,-5.341304680433545,-5.341304680433545,10.0,-1.949584937815092,True
C2,1,10,40,3,33.33333333333333,-2.2977863056751953,-2.8468156407176433,-3.4151323252963293,-6.893358917025585,-7.249458576925839,-4.753845749722636,-10.48488130909313,10.0,-7.223231562835809,True
B2+C2,2,10,40,3,33.33333333333333,-2.2977863056751953,-2.8468156407176433,-3.4151323252963293,-6.893358917025585,-7.249458576925839,-4.753845749722636,-10.48488130909313,10.0,-7.223231562835809,True
C3+D1,2,10,40,4,25.0,-2.719711036517941,-2.890834509622686,-3.576882705486782,-10.878844146071764,-11.031500217587295,-4.96069465994038,-5.639163312101011,10.0,-2.0832003001133286,True
A2+C2,2,10,40,1,0.0,-4.4026429362081965,-4.4026429362081965,-4.05324059739436,-4.4026429362081965,-4.4026429362081965,,,10.0,,True
A2+B2+C2,3,10,40,1,0.0,-4.4026429362081965,-4.4026429362081965,-4.05324059739436,-4.4026429362081965,-4.4026429362081965,,,10.0,,True
B2+C3+D1,3,10,40,3,0.0,-3.6771667391957648,-4.892496877352588,-4.9662670775371485,-11.031500217587295,-11.031500217587295,-7.624392257016924,-7.624392257016924,10.0,-3.480930865006316,True
B1+C1,2,10,40,0,,,,,,,,,10.0,,True
B1+C1+V1,3,10,40,0,,,,,,,,,10.0,,True
B1+C1+D1,3,10,40,0,,,,,,,,,10.0,,True
B1+C1+D1+V1,4,10,40,0,,,,,,,,,10.0,,True
B1+C2,2,10,40,0,,,,,,,,,10.0,,True
B1+C2+V1,3,10,40,0,,,,,,,,,10.0,,True
B1+C2+D1,3,10,40,0,,,,,,,,,10.0,,True
B1+C2+D1+V1,4,10,40,0,,,,,,,,,10.0,,True
B3+C2,2,10,40,0,,,,,,,,,10.0,,True
B3+C2+V1,3,10,40,0,,,,,,,,,10.0,,True
B3+C2+D1,3,10,40,0,,,,,,,,,10.0,,True
B3+C2+D1+V1,4,10,40,0,,,,,,,,,10.0,,True
B3+C3,2,10,40,0,,,,,,,,,10.0,,True
B3+C3+V1,3,10,40,0,,,,,,,,,10.0,,True
B3+C3+D1,3,10,40,0,,,,,,,,,10.0,,True
B3+C3+D1+V1,4,10,40,0,,,,,,,,,10.0,,True
A1+C1+D1+V1,4,10,40,0,,,,,,,,,10.0,,True
A1+C2,2,10,40,0,,,,,,,,,10.0,,True
A1+C2+V1,3,10,40,0,,,,,,,,,10.0,,True
A1+C2+D1,3,10,40,0,,,,,,,,,10.0,,True
A1+C2+D1+V1,4,10,40,0,,,,,,,,,10.0,,True
A1+C3+D1,3,10,40,0,,,,,,,,,10.0,,True
A1+C3+D1+V1,4,10,40,0,,,,,,,,,10.0,,True
A1+B1+C1,3,10,40,0,,,,,,,,,10.0,,True
A1+B1+C1+V1,4,10,40,0,,,,,,,,,10.0,,True
A1+B1+C1+D1,4,10,40,0,,,,,,,,,10.0,,True
A1+B1+C1+D1+V1,5,10,40,0,,,,,,,,,10.0,,True
A1+B1+C2,3,10,40,0,,,,,,,,,10.0,,True
A1+B1+C2+V1,4,10,40,0,,,,,,,,,10.0,,True
A1+B1+C2+D1,4,10,40,0,,,,,,,,,10.0,,True
A1+B1+C2+D1+V1,5,10,40,0,,,,,,,,,10.0,,True
A1+B1+C3,3,10,40,0,,,,,,,,,10.0,,True
A1+B1+C3+V1,4,10,40,0,,,,,,,,,10.0,,True
A1+B1+C3+D1,4,10,40,0,,,,,,,,,10.0,,True
A1+B1+C3+D1+V1,5,10,40,0,,,,,,,,,10.0,,True
A1+B2+C1+D1,4,10,40,0,,,,,,,,,10.0,,True
A1+B2+C1+D1+V1,5,10,40,0,,,,,,,,,10.0,,True
A1+B2+C2,3,10,40,0,,,,,,,,,10.0,,True
A1+B2+C2+V1,4,10,40,0,,,,,,,,,10.0,,True
A1+B2+C2+D1,4,10,40,0,,,,,,,,,10.0,,True
A1+B2+C2+D1+V1,5,10,40,0,,,,,,,,,10.0,,True
A1+B2+C3+D1,4,10,40,0,,,,,,,,,10.0,,True
A1+B2+C3+D1+V1,5,10,40,0,,,,,,,,,10.0,,True
A1+B3+C1+D1+V1,5,10,40,0,,,,,,,,,10.0,,True
A1+B3+C2,3,10,40,0,,,,,,,,,10.0,,True
A1+B3+C2+V1,4,10,40,0,,,,,,,,,10.0,,True
A1+B3+C2+D1,4,10,40,0,,,,,,,,,10.0,,True
A1+B3+C2+D1+V1,5,10,40,0,,,,,,,,,10.0,,True
A1+B3+C3,3,10,40,0,,,,,,,,,10.0,,True
A1+B3+C3+V1,4,10,40,0,,,,,,,,,10.0,,True
A1+B3+C3+D1,4,10,40,0,,,,,,,,,10.0,,True
A1+B3+C3+D1+V1,5,10,40,0,,,,,,,,,10.0,,True
A2+C2+V1,3,10,40,0,,,,,,,,,10.0,,True
A2+C2+D1,3,10,40,0,,,,,,,,,10.0,,True
A2+C2+D1+V1,4,10,40,0,,,,,,,,,10.0,,True
A2+B1+C1,3,10,40,0,,,,,,,,,10.0,,True
A2+B1+C1+V1,4,10,40,0,,,,,,,,,10.0,,True
A2+B1+C1+D1,4,10,40,0,,,,,,,,,10.0,,True
A2+B1+C1+D1+V1,5,10,40,0,,,,,,,,,10.0,,True
A2+B1+C2,3,10,40,0,,,,,,,,,10.0,,True
A2+B1+C2+V1,4,10,40,0,,,,,,,,,10.0,,True
A2+B1+C2+D1,4,10,40,0,,,,,,,,,10.0,,True
A2+B1+C2+D1+V1,5,10,40,0,,,,,,,,,10.0,,True
A2+B1+C3,3,10,40,0,,,,,,,,,10.0,,True
A2+B1+C3+V1,4,10,40,0,,,,,,,,,10.0,,True
A2+B1+C3+D1,4,10,40,0,,,,,,,,,10.0,,True
A2+B1+C3+D1+V1,5,10,40,0,,,,,,,,,10.0,,True
A2+B2+C2+V1,4,10,40,0,,,,,,,,,10.0,,True
A2+B2+C2+D1,4,10,40,0,,,,,,,,,10.0,,True
A2+B2+C2+D1+V1,5,10,40,0,,,,,,,,,10.0,,True
A2+B3+C2,3,10,40,0,,,,,,,,,10.0,,True
A2+B3+C2+V1,4,10,40,0,,,,,,,,,10.0,,True
A2+B3+C2+D1,4,10,40,0,,,,,,,,,10.0,,True
A2+B3+C2+D1+V1,5,10,40,0,,,,,,,,,10.0,,True
A2+B3+C3,3,10,40,0,,,,,,,,,10.0,,True
A2+B3+C3+V1,4,10,40,0,,,,,,,,,10.0,,True
A2+B3+C3+D1,4,10,40,0,,,,,,,,,10.0,,True
A2+B3+C3+D1+V1,5,10,40,0,,,,,,,,,10.0,,True
