combo,n_factors,Daily Recent 1y_edge,Daily Recent 1y_n,Daily Recent 1y_win,Daily Prior 2y_edge,Daily Prior 2y_n,Daily Prior 2y_win,Weekly Recent 1y_edge,Weekly Recent 1y_n,Weekly Recent 1y_win,Weekly Prior 2y_edge,Weekly Prior 2y_n,Weekly Prior 2y_win,windows_tested,windows_positive,mean_edge,worst_edge,min_n,verdict
B3+C1+D1+V1,4,0.022426580879028088,439,54.441913439635535,0.24480314531671035,906,55.73951434878587,1.9680719296351568,53,54.71698113207547,2.252824126263731,94,47.87234042553192,4,4,1.1220314455236564,0.022426580879028088,53.0,Holds everywhere
C1+D1+V1,3,0.01149322281964016,514,54.08560311284047,0.14426583671511833,1065,55.305164319248824,0.563975225498469,68,47.05882352941176,1.7033705386036178,117,50.427350427350426,4,4,0.6057762059092113,0.01149322281964016,68.0,Holds everywhere
C1+V1,2,0.046696143870945395,1034,54.83558994197292,0.1255913452279883,2093,54.41949354992833,1.3729222711320044,128,53.125,0.20534891904289843,245,54.69387755102041,4,4,0.43763966981845914,0.046696143870945395,128.0,Holds everywhere
B3+D1+V1,3,0.24557470604405887,4504,53.66341030195382,0.020661842782790703,10737,54.25165316196331,0.15219406145234707,1004,53.48605577689243,0.48917228238860644,2253,57.922769640479366,4,4,0.22690072316695076,0.020661842782790703,1004.0,Holds everywhere
B3+V1,2,0.09791313656811793,6416,52.5716957605985,0.04657944452448769,14875,54.211764705882345,0.1337673346976547,1418,53.31452750352609,0.22580415576923552,3091,56.9718537690068,4,4,0.12601601788987396,0.04657944452448769,1418.0,Holds everywhere
B3+C1+V1,3,-0.10399765807541335,753,53.12084993359893,0.1757818489645458,1563,54.702495201535505,2.5962155994080107,87,57.47126436781609,0.6005383273103289,163,49.079754601226995,4,3,0.817134529401868,-0.10399765807541335,87.0,Mostly holds
A1+B3+D1+V1,4,0.06978353935278025,1008,49.50396825396825,-0.0955213744542138,2547,53.23910482921084,0.26381352917605394,152,55.92105263157895,1.572001263258068,383,59.7911227154047,4,3,0.4525192393331721,-0.0955213744542138,152.0,Mostly holds
A1+D1+V1,3,0.05679421829726529,1295,50.73359073359074,-0.10640185577901512,3237,53.259190608588206,0.07737873223572424,171,53.80116959064327,1.4413699185758524,468,58.76068376068376,4,3,0.3672852533324567,-0.10640185577901512,171.0,Mostly holds
A2+C1,2,0.27453663094581604,587,56.558773424190804,0.3409594771389946,1162,54.73321858864028,0.2815499708679351,38,39.473684210526315,-0.03311708805817305,138,57.971014492753625,4,3,0.2159822477236432,-0.03311708805817305,38.0,Mostly holds
A2+B1+V1,3,0.15116228816920813,678,52.50737463126843,0.10068082894221328,1373,53.96941005098325,-0.04396037140265949,84,57.14285714285714,0.17536729046013433,145,53.79310344827586,4,3,0.09581250904222405,-0.04396037140265949,84.0,Mostly holds
B1+D1,2,0.011023399646573903,18350,53.253405994550405,0.03764281071197775,35691,54.60200050432882,-0.4475841405629976,3276,53.51037851037851,0.752658820062469,5644,60.75478384124734,4,3,0.08843522246450576,-0.4475841405629976,3276.0,Mostly holds
A2+B1+D1,3,-0.06636254917952313,3010,53.35548172757475,0.04455513452952515,5808,54.9931129476584,0.08369283198239975,299,57.859531772575245,0.27865958062951207,458,61.572052401746724,4,3,0.08513624949047846,-0.06636254917952313,299.0,Mostly holds
B3+C1,2,0.09900553956549679,2870,52.926829268292686,0.029664673388246365,6293,54.80692833306849,1.2764642006928462,328,57.3170731707317,-1.0759222782717444,689,48.91146589259797,4,3,0.08230303384371124,-1.0759222782717444,328.0,Mostly holds
A2+B1,2,0.024103230357013044,3987,52.771507399046904,0.14092935193696823,7593,54.892664296062165,-0.20916146659015955,400,56.75,0.30496783478611816,598,60.70234113712375,4,3,0.06520973762248497,-0.20916146659015955,400.0,Mostly holds
B1,1,0.03188488691092093,29689,52.97921789214861,0.0038097677921435443,55952,53.81398341435516,-0.46711927007974335,5447,53.6442078208188,0.32295773800640376,9736,57.51848808545604,4,3,-0.027116719342568776,-0.46711927007974335,5447.0,Mostly holds
A2+V1,2,0.1200652486809492,2283,52.693823915900126,0.0003417708681081275,4902,53.44757241942064,0.36909118252054934,320,56.25,-0.6102051556657936,648,51.388888888888886,4,3,-0.03017673839904672,-0.6102051556657936,320.0,Mostly holds
D1,1,0.006530997708365167,63258,52.18944639413196,0.014920010361220206,136180,54.47349096783669,-0.27451560536967523,13080,53.36391437308868,0.12549446631567426,27972,56.76033176033176,4,3,-0.031892532746103895,-0.27451560536967523,13080.0,Mostly holds
B3+C1+D1,3,0.1764234436773055,1781,54.12689500280741,0.07100962113163473,4012,54.835493519441684,0.4795806146777744,198,54.04040404040404,-0.979216964194025,376,46.808510638297875,4,3,-0.06305082117682761,-0.979216964194025,198.0,Mostly holds
A1+V1,2,-0.22384239799850417,2612,50.45941807044411,-0.1389399801312454,5564,53.82818116462976,0.5824002289803372,339,56.04719764011799,0.9260558678131655,784,56.63265306122449,4,2,0.2864184296659383,-0.22384239799850417,339.0,Inconsistent
A1+B3+V1,3,-0.17252868666611013,1670,49.94011976047904,-0.09949708302254094,3773,53.37927378743706,0.5728390189197153,255,56.07843137254902,0.7961145302367127,568,57.3943661971831,4,2,0.27423194486694424,-0.17252868666611013,255.0,Inconsistent
A2+B2+D1+V1,4,-0.015614132736785219,478,53.76569037656904,-0.310659613475932,1110,51.17117117117117,1.3277379988126123,80,57.49999999999999,-0.015728643243454337,179,53.072625698324025,4,1,0.2464339023391102,-0.310659613475932,80.0,Inconsistent
A1+B2+V1,3,-0.27776109896448953,791,51.32743362831859,-0.22190707861821898,1486,53.83580080753701,0.19991378857397976,79,53.16455696202531,0.9577360002741209,194,53.09278350515464,4,2,0.16449540281634803,-0.27776109896448953,79.0,Inconsistent
A1+B3+D1,3,-0.053655614050842106,3448,49.62296983758701,-0.04328702449322082,8346,52.56410256410257,-0.21792048668224845,580,54.310344827586206,0.8599462907066886,1449,59.14423740510697,4,1,0.1362707913700943,-0.21792048668224845,580.0,Inconsistent
A2+D1+V1,3,0.027337343774574953,1122,54.09982174688057,-0.15840318028162484,2567,53.019088430074014,0.7981573695112303,161,59.62732919254658,-0.12570033554463284,318,51.257861635220124,4,2,0.1353477993648869,-0.15840318028162484,161.0,Inconsistent
B1+D1+V1,3,0.10328382761729704,4013,53.750311487665094,-0.028220962112897534,8605,54.64264962231261,-0.324015099059916,1021,50.734573947110675,0.6813834357802686,1871,59.80758952431855,4,2,0.10810780055618803,-0.324015099059916,1021.0,Inconsistent
D1+V1,2,0.14474965983894542,13593,53.64525858897963,-0.05079763877175508,30645,55.206395823135914,-0.023789670992608793,3125,53.28000000000001,0.350566459488686,6653,58.049000450924396,4,2,0.10518220239081688,-0.05079763877175508,3125.0,Inconsistent
A1+B3,2,-0.23994191530069092,5428,49.13411938098747,-0.05803226933082679,12258,52.63501386849404,0.08118404109222094,923,53.304442036836406,0.6219770343639602,2083,58.32933269323092,4,2,0.10129672270616587,-0.23994191530069092,923.0,Inconsistent
A2+B3,2,-0.3414999662575559,899,49.49944382647386,0.3580936133481305,1985,55.01259445843829,1.632024900463364,89,60.67415730337079,-1.3788237256207703,182,47.25274725274725,4,2,0.06744870548329207,-1.3788237256207703,89.0,Inconsistent
A2+D1,2,-0.1559435749379271,6341,52.37344267465699,-0.02577661691659896,13377,55.22164909920012,0.4092131666538077,657,57.99086757990868,-0.055506760731215764,1305,56.934865900383144,4,1,0.042996553517016464,-0.1559435749379271,657.0,Inconsistent
B1+V1,2,0.10206978577800371,7002,53.927449300199946,-0.08090047496983693,14202,54.06280805520349,-0.18181770725600827,1724,52.90023201856149,0.32356459039180796,3254,58.54333128457283,4,2,0.04072904848599162,-0.18181770725600827,1724.0,Inconsistent
V1,1,0.10270194393474129,23270,53.73012462397937,-0.054973670375940774,49100,54.655804480651724,-0.01325883881215973,5154,53.511835467597976,0.1251407581766669,10753,57.04454570817447,4,2,0.03990254823082692,-0.054973670375940774,5154.0,Inconsistent
A1,1,-0.22135275571045976,9587,49.838322728695104,-0.09573602860974718,20025,52.928838951310865,0.04135289101827623,1415,53.14487632508834,0.4179405623505067,3114,57.16120745022479,4,2,0.035551167262143996,-0.22135275571045976,1415.0,Inconsistent
A1+D1,2,-0.11192060505787225,4596,49.56483899042646,-0.049404508951929535,10779,52.583727618517486,-0.5339240934066307,716,53.212290502793294,0.733582542918475,1804,59.09090909090909,4,1,0.009583333875510636,-0.5339240934066307,716.0,Inconsistent
A2,1,-0.14849190124370948,12114,51.27951130922899,0.05659078280513674,24510,54.64708282333741,0.30847651024541606,1326,55.80693815987934,-0.2454883796453661,2646,57.36961451247166,4,2,-0.007228246959630695,-0.2454883796453661,1326.0,Inconsistent
A2+B2+D1,3,-0.27132778772972876,2787,51.66846071044133,-0.11358699088899857,6383,55.397148676171085,0.45499129393798576,319,56.739811912225704,-0.11442364980916078,764,56.15183246073299,4,1,-0.011086783622475595,-0.27132778772972876,319.0,Inconsistent
C1,1,0.06248396253675578,4658,52.53327608415629,-0.013192531353996804,9656,54.44283347141674,0.6070546263396481,557,55.11669658886894,-0.7607351793843913,1302,52.61136712749616,4,2,-0.02609728046549603,-0.7607351793843913,557.0,Inconsistent
B3,1,-0.02974432812546045,27274,50.784630050597634,0.014001972636211443,64847,53.72029546470923,0.021678905479194314,6454,52.23117446544778,-0.1821491622584513,15061,55.06274483766018,4,2,-0.044053153067126496,-0.1821491622584513,6454.0,Inconsistent
A2+B2,2,-0.2622723996678054,7019,50.42028779028351,-0.026590434906512292,14462,54.30092656617342,0.40399725166450956,819,54.57875457875458,-0.3056249204547051,1848,57.467532467532465,4,1,-0.04762262584112831,-0.3056249204547051,819.0,Inconsistent
B2,1,-0.07343901465871727,48378,51.58543139443549,-0.013642670260015265,93671,53.90569119578098,-0.05544169737494049,9289,54.47303261922705,-0.05645444855608962,20542,55.34027845389933,4,0,-0.04974445771244067,-0.07343901465871727,9289.0,Inconsistent
A2+B1+D1+V1,4,-0.08998635056795222,431,54.292343387471,-0.012518993869935102,970,53.91752577319588,-0.10395919092318764,61,57.377049180327866,-0.007410463826776897,91,53.84615384615385,4,0,-0.053468749796962964,-0.10395919092318764,61.0,Inconsistent
A2+B2+V1,3,0.07106379173414765,1190,52.43697478991597,-0.1919766799098778,2546,51.885310290652,0.4580372239558183,186,55.376344086021504,-0.567660908191469,406,52.21674876847291,4,2,-0.0576341431028452,-0.567660908191469,186.0,Inconsistent
B3+D1,2,0.047425441738191694,20322,51.16130302135616,0.01742057096176842,48692,53.70902817711328,-0.17066132623453076,4847,51.59892717144625,-0.13076808900051856,11334,55.267337215457914,4,2,-0.0591458506337723,-0.17066132623453076,4847.0,Inconsistent
B2+V1,2,0.05587809522447322,8018,54.40259416313295,-0.0745076531392834,16143,53.986247909310535,-0.16919505218472797,1684,53.62232779097387,-0.22624563514019141,3934,54.651753940010174,4,1,-0.1035175613099324,-0.22624563514019141,1684.0,Inconsistent
B2+D1,2,-0.08237135059461101,21132,51.92598902138936,0.002958266112546769,44572,54.46917347213497,-0.37211987019600595,4462,54.61676378305692,0.010838044410653289,10287,55.77913871877126,4,2,-0.11017372756685423,-0.37211987019600595,4462.0,Inconsistent
A1+B2,2,-0.1979143522845239,3875,50.70967741935484,-0.13792598133456624,7224,53.19767441860465,-0.1248560250414118,485,52.37113402061856,-0.09122471703490308,1000,54.6,4,0,-0.13798026892385126,-0.1979143522845239,485.0,Inconsistent
B2+D1+V1,3,-0.004007793732501153,3483,53.71805914441573,-0.11532568234689082,7944,54.31772406847936,-0.25893820739424994,803,55.04358655043586,-0.24157012210489676,2131,55.04458000938527,4,0,-0.15496045139463466,-0.25893820739424994,803.0,Inconsistent
B2+C1,2,0.0038615206617633223,1788,51.90156599552572,-0.0730632139318434,3360,53.80952380952381,-0.3517503535199541,229,51.96506550218341,-0.41614399043665556,610,56.557377049180324,4,1,-0.20927400930667245,-0.41614399043665556,229.0,Inconsistent
C3,1,0.4799152873604537,415,56.3855421686747,-0.4753375578057771,902,47.893569844789354,-1.0714844827914372,32,46.875,0.2238048944799021,76,64.47368421052632,4,2,-0.2107754646892146,-1.0714844827914372,32.0,Inconsistent
C1+D1,2,0.035066316205952346,2358,53.18066157760815,0.07339268309590907,5022,54.759060135404226,-0.31788836747886406,265,50.56603773584906,-0.7440145661376254,549,48.63387978142077,4,2,-0.238360983578657,-0.7440145661376254,265.0,Inconsistent
A2+B3+V1,3,-0.09933647642968654,335,51.34328358208955,0.5246313346842003,783,55.81098339719029,0.6947164093925818,44,56.81818181818182,-2.2953134025165167,89,42.69662921348314,4,2,-0.2938255337173553,-2.2953134025165167,44.0,Inconsistent
B2+C1+V1,3,0.45051263093716637,281,59.430604982206404,-0.02242329126302938,530,53.58490566037736,-1.2228464986243965,41,43.90243902439025,-0.5802105144643107,82,65.85365853658537,4,1,-0.34374191835364254,-1.2228464986243965,41.0,Inconsistent
A1+B2+D1,3,-0.36445518875384014,1069,48.643592142188965,-0.0792677530032754,2269,52.09343323049802,-2.072472321052556,134,47.76119402985074,0.13829751976586316,349,58.45272206303726,4,1,-0.594474435760952,-2.072472321052556,134.0,Inconsistent
B2+C1+D1,3,-0.4012543840132505,577,50.25996533795494,0.08285886586884855,1010,54.45544554455446,-2.674587747583557,67,40.298507462686565,-0.2644676388806897,170,51.76470588235295,4,1,-0.8143627261521622,-2.674587747583557,67.0,Inconsistent
A2+C1+D1+V1,4,1.4530027419561922,45,60.0,0.6452456022103858,96,59.375,-2.006824880200393,3,33.33333333333333,2.707258442947622,11,54.54545454545454,2,2,1.049124172083289,0.6452456022103858,45.0,Not enough data
A1+B1,2,-0.20314442475778044,279,50.89605734767025,-0.2824822312081886,520,56.34615384615385,6.3052347154036585,7,85.71428571428571,3.1326924391694164,31,61.29032258064516,3,1,0.8823552610678158,-0.2824822312081886,31.0,Not enough data
A2+B3+C1+D1+V1,5,0.8364631347430642,37,56.75675675675676,0.8413536168867192,73,64.38356164383562,6.814237904084357,1,100.0,2.1262272191967897,8,37.5,2,2,0.8389083758148916,0.8364631347430642,37.0,Not enough data
A2+B3+C1+V1,4,0.9204069403870125,91,54.94505494505495,0.5296045382005163,202,55.44554455445545,5.988149404548011,8,62.5,-0.02712543506093623,15,40.0,2,2,0.7250057392937644,0.5296045382005163,91.0,Not enough data
A2+C1+V1,3,1.055249786251422,136,61.029411764705884,0.3724377423331655,308,54.22077922077923,2.4478032849364957,14,50.0,-0.594615910142833,29,44.827586206896555,2,2,0.7138437642922938,0.3724377423331655,136.0,Not enough data
A2+B2+C1+V1,4,1.327931985666117,45,73.33333333333333,0.07293120681236491,106,51.886792452830186,-2.2726582078788593,6,33.33333333333333,-1.202641419159151,14,50.0,2,2,0.7004315962392409,0.07293120681236491,45.0,Not enough data
A1+B1+D1+V1,4,0.9985733902940724,47,63.829787234042556,0.3576579387446724,105,59.04761904761905,10.907761208799522,2,100.0,4.751636670526861,5,80.0,2,2,0.6781156645193724,0.3576579387446724,47.0,Not enough data
A2+C1+D1,3,0.10548490574259538,178,53.93258426966292,0.5863578328299572,337,54.59940652818991,-2.893389352128227,9,33.33333333333333,0.8825356280905237,35,48.57142857142857,3,3,0.5247927888876921,0.10548490574259538,35.0,Not enough data
A1+B1+D1,3,0.7757551242167258,76,59.210526315789465,0.07061965576988966,155,59.354838709677416,10.907761208799522,2,100.0,4.8424829654418335,6,83.33333333333334,2,2,0.42318738999330774,0.07061965576988966,76.0,Not enough data
A2+B2+C1+D1,4,0.3205628237562913,78,58.97435897435898,0.45898637281875376,135,48.888888888888886,-4.407248771905727,7,14.285714285714285,2.0915526176228787,21,57.14285714285714,2,2,0.38977459828752253,0.3205628237562913,78.0,Not enough data
A1+B3+C1+D1+V1,5,-1.4527922253502865,28,50.0,0.35925174849228547,41,70.73170731707317,-3.1004797941699325,2,100.0,-4.263535064205082,13,46.15384615384615,1,1,0.35925174849228547,0.35925174849228547,41.0,Not enough data
A2+B3+C1+D1,4,-0.06227587030808747,100,50.0,0.6714823234315044,202,58.415841584158414,2.4051186170930223,2,100.0,-0.9309898562080088,14,35.714285714285715,2,1,0.30460322656170846,-0.06227587030808747,100.0,Not enough data
A2+B2+C1,3,0.207081500578928,316,59.49367088607595,0.26219836905000105,613,53.344208809135395,-2.0701278850059213,23,30.434782608695656,0.2905543145251545,93,60.215053763440864,3,3,0.2532780613846945,0.207081500578928,93.0,Not enough data
B1+C3,2,0.7543861634766278,122,61.47540983606557,-0.37601149270787476,341,48.09384164222874,-2.466863122970077,5,0.0,-0.5162692223867613,14,42.857142857142854,2,1,0.18918733538437651,-0.37601149270787476,122.0,Not enough data
A1+C1+D1,3,-0.3384239401749656,97,52.57731958762887,-0.01726189619258275,177,55.932203389830505,-10.96706955433071,6,33.33333333333333,0.6822365310146618,31,61.29032258064516,3,1,0.10885023154903782,-0.3384239401749656,31.0,Not enough data
A1+B2+D1+V1,4,-0.18982661626654804,237,53.16455696202531,-0.23653695252047385,578,51.903114186851205,-2.86373033176767,17,29.411764705882355,0.6090806839128047,80,52.5,3,1,0.060905705041927605,-0.23653695252047385,80.0,Not enough data
B1+C3+D1,3,0.743303591051073,27,62.96296296296296,0.042810082633317634,71,49.29577464788733,,0,,0.31161215035897893,3,33.33333333333333,1,1,0.042810082633317634,0.042810082633317634,71.0,Not enough data
B2+C3,2,0.39309167291826624,290,54.82758620689655,-0.48246484705117443,534,47.37827715355805,-0.8130810309065037,27,55.55555555555556,0.19554124263589642,61,68.85245901639344,3,2,0.03538935616766275,-0.48246484705117443,61.0,Not enough data
A2+B3+C1,3,0.3531927977204899,271,53.13653136531366,0.4289022080288907,549,56.284153005464475,3.887456016541182,15,53.333333333333336,-0.7020379867303838,45,53.333333333333336,3,2,0.02668567300633225,-0.7020379867303838,45.0,Not enough data
B1+C3+D1+V1,4,-0.3875849527583654,12,58.333333333333336,0.011826948255945737,45,46.666666666666664,,0,,0.31161215035897893,3,33.33333333333333,1,1,0.011826948255945737,0.011826948255945737,45.0,Not enough data
B2+C3+V1,3,0.7749465036938255,83,57.831325301204814,-0.8376628133313117,120,44.166666666666664,1.9059335175264702,5,40.0,3.5030066267401785,15,73.33333333333333,2,1,-0.0313581548187431,-0.8376628133313117,83.0,Not enough data
C3+D1,2,0.41412901012977943,81,54.32098765432099,-0.564457931103298,223,48.87892376681614,2.351315201728988,9,66.66666666666666,-0.11337217799115909,16,62.5,2,1,-0.07516446048675929,-0.564457931103298,81.0,Not enough data
B2+C2,2,-0.18133135464255642,64,56.25,-0.03873746398260846,83,51.80722891566265,0.022923192974607168,4,50.0,-5.000308333111468,7,28.57142857142857,2,0,-0.11003440931258245,-0.18133135464255642,64.0,Not enough data
C2,1,-0.18133135464255642,64,56.25,-0.03873746398260846,83,51.80722891566265,0.022923192974607168,4,50.0,-5.000308333111468,7,28.57142857142857,2,0,-0.11003440931258245,-0.18133135464255642,64.0,Not enough data
A1+B2+C1+D1,4,-0.22114098859489215,19,42.10526315789473,-0.16587974919862655,43,48.837209302325576,-10.280961611581214,1,0.0,0.9127996120405861,2,50.0,1,0,-0.16587974919862655,-0.16587974919862655,43.0,Not enough data
A1+B3+C1+D1,4,-0.36699286427780375,78,55.12820512820513,0.030428907383983687,134,58.2089552238806,-11.10429114288061,5,40.0,0.6663356288749424,29,62.06896551724138,2,1,-0.16828197844691004,-0.36699286427780375,78.0,Not enough data
C3+V1,2,0.46928629292837915,133,57.14285714285714,-0.8208839194868824,318,45.911949685534594,1.411160972805576,7,28.57142857142857,2.9263351739388157,22,63.63636363636363,2,1,-0.17579881327925165,-0.8208839194868824,133.0,Not enough data
B2+C3+D1,3,0.31393217917421495,52,51.92307692307693,-0.7883219117242543,137,47.44525547445255,2.351315201728988,9,66.66666666666666,-0.21144548453349843,13,69.23076923076923,2,1,-0.23719486627501965,-0.7883219117242543,52.0,Not enough data
B2+C1+D1+V1,4,-0.052503366354644074,75,52.0,-0.4286071292788586,159,52.83018867924528,-4.397166462451163,15,20.0,-0.5422223848768452,23,60.86956521739131,2,0,-0.24055524781675133,-0.4286071292788586,75.0,Not enough data
A2+C3,2,0.3948371096217489,60,58.333333333333336,-0.9260926282130688,98,35.714285714285715,0.7632008816529732,2,100.0,1.4780015505392352,8,62.5,2,1,-0.26562775929565996,-0.9260926282130688,60.0,Not enough data
B1+C3+V1,3,0.10556106359030826,47,59.57446808510638,-0.6994889671378038,175,45.14285714285714,0.17422961100334033,2,0.0,1.6906106322216088,7,42.857142857142854,2,1,-0.2969639517737478,-0.6994889671378038,47.0,Not enough data
C3+D1+V1,3,-0.4957504113321351,29,51.724137931034484,-0.3024946841058165,87,51.724137931034484,11.76305059220142,2,100.0,3.998848958139848,7,71.42857142857143,1,0,-0.3024946841058165,-0.3024946841058165,87.0,Not enough data
A1+C1+D1+V1,4,-1.4320195343307505,31,51.61290322580645,0.6834075453501963,49,71.42857142857143,-5.493973733307025,3,66.66666666666666,-4.263535064205082,13,46.15384615384615,2,1,-0.37430599449027707,-1.4320195343307505,31.0,Not enough data
A2+B2+C3,3,0.22726489142616785,41,56.09756097560976,-0.9995219389860974,63,34.92063492063492,0.7632008816529732,2,100.0,2.1163844870256567,5,80.0,2,1,-0.38612852377996476,-0.9995219389860974,41.0,Not enough data
A1+B1+V1,3,-0.5529840029089103,146,50.68493150684932,-0.25333825468404536,289,59.515570934256054,7.113307700492492,5,100.0,4.001543778994977,22,68.18181818181817,2,0,-0.4031611287964778,-0.5529840029089103,146.0,Not enough data
A1+B3+C1+V1,4,-0.9572012396204201,93,51.61290322580645,0.0836112239713063,143,56.64335664335665,-1.7997493597930774,6,83.33333333333334,-3.8415095006966937,24,33.33333333333333,2,1,-0.43679500782455694,-0.9572012396204201,93.0,Not enough data
A1+B3+C1,3,-0.5031118230514761,230,52.17391304347826,-0.002673577968537983,386,52.59067357512953,-5.648396902791885,11,54.54545454545454,-0.8083100875903921,51,47.05882352941176,3,0,-0.43803182953680203,-0.8083100875903921,51.0,Not enough data
A2+B3+D1+V1,4,-0.0153486402424001,145,52.41379310344828,-0.08133607629856916,321,54.20560747663551,1.6133145212335838,14,78.57142857142857,-1.25987377289827,40,35.0,3,0,-0.4521861631464131,-1.25987377289827,40.0,Not enough data
A1+B2+C1,3,0.5239785364169918,147,55.10204081632652,-0.539853580440951,358,47.76536312849162,1.1907028046790435,17,64.70588235294117,-1.3742147279624861,41,63.41463414634146,3,1,-0.4633632573288151,-1.3742147279624861,41.0,Not enough data
A1+C1,2,-0.10262831418711323,377,53.315649867374006,-0.35190636742858095,747,50.0669344042838,-1.4960863661131074,28,60.71428571428571,-1.0605067207996948,92,54.347826086956516,3,0,-0.5050138008051296,-1.0605067207996948,92.0,Not enough data
A1+C3,2,-0.046897134459020856,13,53.84615384615385,-0.5408210925066923,72,38.88888888888889,5.6059062619805955,1,100.0,3.5198030660669453,8,75.0,1,0,-0.5408210925066923,-0.5408210925066923,72.0,Not enough data
A2+B3+D1,3,-0.38844808797153196,368,49.184782608695656,0.059280469626615706,834,53.357314148681056,2.895706891226425,27,70.37037037037037,-1.483853777659881,65,38.46153846153847,3,1,-0.6043404653349325,-1.483853777659881,65.0,Not enough data
B2+C2+D1,3,0.6818137118375321,19,63.1578947368421,-0.7399919541917906,31,41.935483870967744,7.573319101571052,1,100.0,-10.715741011214337,2,0.0,1,0,-0.7399919541917906,-0.7399919541917906,31.0,Not enough data
C2+D1,2,0.6818137118375321,19,63.1578947368421,-0.7399919541917906,31,41.935483870967744,7.573319101571052,1,100.0,-10.715741011214337,2,0.0,1,0,-0.7399919541917906,-0.7399919541917906,31.0,Not enough data
A2+B1+C3,3,0.7564403173069503,19,63.1578947368421,-0.7939198688216169,35,37.142857142857146,,0,,0.41402998972853294,3,33.33333333333333,1,0,-0.7939198688216169,-0.7939198688216169,35.0,Not enough data
A1+B2+C1+V1,4,0.7821644511057269,29,62.06896551724138,-0.9343114947432698,68,54.41176470588235,-1.9510782405208975,5,60.0,-0.20877982838911718,10,70.0,1,0,-0.9343114947432698,-0.9343114947432698,68.0,Not enough data
A1+C1+V1,3,-0.5437454606773195,122,54.09836065573771,-0.24443969959547654,211,55.92417061611374,-1.8685352146693595,11,72.72727272727273,-2.773059597076818,34,44.11764705882353,3,0,-1.1870815857832049,-2.773059597076818,34.0,Not enough data
A1+B2+C3,3,0.04654517121589127,12,58.333333333333336,-1.4193706400657928,43,25.581395348837212,5.6059062619805955,1,100.0,4.028745883894085,5,80.0,1,0,-1.4193706400657928,-1.4193706400657928,43.0,Not enough data
A1+B1+C1,3,,0,,,0,,,0,,,0,,0,0,,,0.0,Not enough data
A1+B1+C1+D1,4,,0,,,0,,,0,,,0,,0,0,,,0.0,Not enough data
A1+B1+C1+D1+V1,5,,0,,,0,,,0,,,0,,0,0,,,0.0,Not enough data
A1+B1+C1+V1,4,,0,,,0,,,0,,,0,,0,0,,,0.0,Not enough data
A1+B1+C2,3,,0,,,0,,,0,,,0,,0,0,,,0.0,Not enough data
A1+B1+C2+D1,4,,0,,,0,,,0,,,0,,0,0,,,0.0,Not enough data
A1+B1+C2+D1+V1,5,,0,,,0,,,0,,,0,,0,0,,,0.0,Not enough data
A1+B1+C2+V1,4,,0,,,0,,,0,,,0,,0,0,,,0.0,Not enough data
A1+B1+C3,3,-1.168204802557966,1,0.0,0.7753781983570281,27,59.25925925925925,,0,,-2.147115092016201,2,50.0,0,0,,,0.0,Not enough data
A1+B1+C3+D1,4,,0,,1.6735879957493416,2,50.0,,0,,,0,,0,0,,,0.0,Not enough data
A1+B1+C3+D1+V1,5,,0,,-0.15639123607496902,1,0.0,,0,,,0,,0,0,,,0.0,Not enough data
A1+B1+C3+V1,4,,0,,0.5934672971422651,13,61.53846153846154,,0,,,0,,0,0,,,0.0,Not enough data
A1+B2+C1+D1+V1,5,-1.238141084815081,3,66.66666666666666,2.3447060042469894,8,75.0,-10.280961611581214,1,0.0,,0,,0,0,,,0.0,Not enough data
A1+B2+C2,3,-0.5576581772690875,4,50.0,0.9020827997685613,4,75.0,,0,,-3.7922121894273393,1,0.0,0,0,,,0.0,Not enough data
A1+B2+C2+D1,4,,0,,,0,,,0,,,0,,0,0,,,0.0,Not enough data
A1+B2+C2+D1+V1,5,,0,,,0,,,0,,,0,,0,0,,,0.0,Not enough data
A1+B2+C2+V1,4,0.5746282541736935,2,50.0,-0.22567842113129102,2,100.0,,0,,-3.7922121894273393,1,0.0,0,0,,,0.0,Not enough data
A1+B2+C3+D1,4,,0,,0.4662520904795582,3,33.33333333333333,,0,,,0,,0,0,,,0.0,Not enough data
A1+B2+C3+D1+V1,5,,0,,-2.679506469475536,1,0.0,,0,,,0,,0,0,,,0.0,Not enough data
A1+B2+C3+V1,4,0.9856295503197223,4,50.0,-2.7248021156286666,14,21.428571428571427,,0,,15.067389623804544,1,100.0,0,0,,,0.0,Not enough data
A1+B3+C2,3,,0,,,0,,,0,,,0,,0,0,,,0.0,Not enough data
A1+B3+C2+D1,4,,0,,,0,,,0,,,0,,0,0,,,0.0,Not enough data
A1+B3+C2+D1+V1,5,,0,,,0,,,0,,,0,,0,0,,,0.0,Not enough data
A1+B3+C2+V1,4,,0,,,0,,,0,,,0,,0,0,,,0.0,Not enough data
A1+B3+C3,3,,0,,,0,,,0,,12.308925293097543,1,100.0,0,0,,,0.0,Not enough data
A1+B3+C3+D1,4,,0,,,0,,,0,,,0,,0,0,,,0.0,Not enough data
A1+B3+C3+D1+V1,5,,0,,,0,,,0,,,0,,0,0,,,0.0,Not enough data
A1+B3+C3+V1,4,,0,,,0,,,0,,,0,,0,0,,,0.0,Not enough data
A1+C2,2,-0.5576581772690875,4,50.0,0.9020827997685613,4,75.0,,0,,-3.7922121894273393,1,0.0,0,0,,,0.0,Not enough data
A1+C2+D1,3,,0,,,0,,,0,,,0,,0,0,,,0.0,Not enough data
A1+C2+D1+V1,4,,0,,,0,,,0,,,0,,0,0,,,0.0,Not enough data
A1+C2+V1,3,0.5746282541736935,2,50.0,-0.22567842113129102,2,100.0,,0,,-3.7922121894273393,1,0.0,0,0,,,0.0,Not enough data
A1+C3+D1,3,,0,,0.9491864525874716,5,40.0,,0,,,0,,0,0,,,0.0,Not enough data
A1+C3+D1+V1,4,,0,,-1.4179488527752526,2,0.0,,0,,,0,,0,0,,,0.0,Not enough data
A1+C3+V1,3,0.9856295503197223,4,50.0,-1.127116842813033,27,40.74074074074074,,0,,15.067389623804544,1,100.0,0,0,,,0.0,Not enough data
A2+B1+C1,3,,0,,,0,,,0,,,0,,0,0,,,0.0,Not enough data
A2+B1+C1+D1,4,,0,,,0,,,0,,,0,,0,0,,,0.0,Not enough data
A2+B1+C1+D1+V1,5,,0,,,0,,,0,,,0,,0,0,,,0.0,Not enough data
A2+B1+C1+V1,4,,0,,,0,,,0,,,0,,0,0,,,0.0,Not enough data
A2+B1+C2,3,,0,,,0,,,0,,,0,,0,0,,,0.0,Not enough data
A2+B1+C2+D1,4,,0,,,0,,,0,,,0,,0,0,,,0.0,Not enough data
A2+B1+C2+D1+V1,5,,0,,,0,,,0,,,0,,0,0,,,0.0,Not enough data
A2+B1+C2+V1,4,,0,,,0,,,0,,,0,,0,0,,,0.0,Not enough data
A2+B1+C3+D1,4,-1.392168109699479,2,50.0,-1.1589429473529846,8,50.0,,0,,9.290716596542008,1,100.0,0,0,,,0.0,Not enough data
A2+B1+C3+D1+V1,5,,0,,-2.8904562648190404,4,25.0,,0,,9.290716596542008,1,100.0,0,0,,,0.0,Not enough data
A2+B1+C3+V1,4,-1.073996740213421,6,33.33333333333333,-1.439339884258915,13,38.46153846153847,,0,,0.41402998972853294,3,33.33333333333333,0,0,,,0.0,Not enough data
A2+B2+C1+D1+V1,5,4.304498425316907,8,75.0,0.02281581649854465,23,43.47826086956522,-6.417356272342767,2,0.0,4.256675039616509,3,100.0,0,0,,,0.0,Not enough data
A2+B2+C2,3,2.088758342496349,7,71.42857142857143,-0.03914789652702404,7,42.857142857142854,1.4532252440040396,2,50.0,1.5998101977822914,1,100.0,0,0,,,0.0,Not enough data
A2+B2+C2+D1,4,3.7093966324598657,1,100.0,-1.5803140313573592,2,0.0,7.573319101571052,1,100.0,,0,,0,0,,,0.0,Not enough data
A2+B2+C2+D1+V1,5,,0,,,0,,7.573319101571052,1,100.0,,0,,0,0,,,0.0,Not enough data
A2+B2+C2+V1,4,3.008278592043124,1,100.0,,0,,1.4532252440040396,2,50.0,,0,,0,0,,,0.0,Not enough data
A2+B2+C3+D1,4,-1.6963436569234471,5,20.0,-1.0996052481153942,16,25.0,3.450270598270805,1,100.0,9.413099785070845,2,100.0,0,0,,,0.0,Not enough data
A2+B2+C3+D1+V1,5,-2.0466155741981455,1,100.0,-0.15753736052236514,3,66.66666666666666,,0,,9.413099785070845,2,100.0,0,0,,,0.0,Not enough data
A2+B2+C3+V1,4,1.2973798007145463,13,76.92307692307693,-1.3310231457278183,13,53.84615384615385,,0,,3.2498316914741467,4,75.0,0,0,,,0.0,Not enough data
A2+B3+C2,3,,0,,,0,,,0,,,0,,0,0,,,0.0,Not enough data
A2+B3+C2+D1,4,,0,,,0,,,0,,,0,,0,0,,,0.0,Not enough data
A2+B3+C2+D1+V1,5,,0,,,0,,,0,,,0,,0,0,,,0.0,Not enough data
A2+B3+C2+V1,4,,0,,,0,,,0,,,0,,0,0,,,0.0,Not enough data
A2+B3+C3,3,,0,,,0,,,0,,,0,,0,0,,,0.0,Not enough data
A2+B3+C3+D1,4,,0,,,0,,,0,,,0,,0,0,,,0.0,Not enough data
A2+B3+C3+D1+V1,5,,0,,,0,,,0,,,0,,0,0,,,0.0,Not enough data
A2+B3+C3+V1,4,,0,,,0,,,0,,,0,,0,0,,,0.0,Not enough data
A2+C2,2,2.088758342496349,7,71.42857142857143,-0.03914789652702404,7,42.857142857142854,1.4532252440040396,2,50.0,1.5998101977822914,1,100.0,0,0,,,0.0,Not enough data
A2+C2+D1,3,3.7093966324598657,1,100.0,-1.5803140313573592,2,0.0,7.573319101571052,1,100.0,,0,,0,0,,,0.0,Not enough data
A2+C2+D1+V1,4,,0,,,0,,7.573319101571052,1,100.0,,0,,0,0,,,0.0,Not enough data
A2+C2+V1,3,3.008278592043124,1,100.0,,0,,1.4532252440040396,2,50.0,,0,,0,0,,,0.0,Not enough data
A2+C3+D1,3,-1.6094363577165989,7,28.57142857142857,-1.119384481194591,24,33.33333333333333,3.450270598270805,1,100.0,9.372305388894565,3,100.0,0,0,,,0.0,Not enough data
A2+C3+D1+V1,4,-2.0466155741981455,1,100.0,-1.719205305834751,7,42.857142857142854,,0,,9.372305388894565,3,100.0,0,0,,,0.0,Not enough data
A2+C3+V1,3,0.54852405094782,19,63.1578947368421,-1.3851815149933666,26,46.15384615384615,,0,,2.0344881050117407,7,57.14285714285714,0,0,,,0.0,Not enough data
B1+C1,2,,0,,,0,,,0,,1.5603601123714244,3,100.0,0,0,,,0.0,Not enough data
B1+C1+D1,3,,0,,,0,,,0,,1.5603601123714244,3,100.0,0,0,,,0.0,Not enough data
B1+C1+D1+V1,4,,0,,,0,,,0,,,0,,0,0,,,0.0,Not enough data
B1+C1+V1,3,,0,,,0,,,0,,,0,,0,0,,,0.0,Not enough data
B1+C2,2,,0,,,0,,,0,,,0,,0,0,,,0.0,Not enough data
B1+C2+D1,3,,0,,,0,,,0,,,0,,0,0,,,0.0,Not enough data
B1+C2+D1+V1,4,,0,,,0,,,0,,,0,,0,0,,,0.0,Not enough data
B1+C2+V1,3,,0,,,0,,,0,,,0,,0,0,,,0.0,Not enough data
B2+C2+D1+V1,4,-4.657513088470853,2,50.0,-1.328717856915273,5,60.0,7.573319101571052,1,100.0,-11.208585225283837,1,0.0,0,0,,,0.0,Not enough data
B2+C2+V1,3,-0.09870020458263731,11,63.63636363636363,-0.45778829478350147,13,61.53846153846154,1.4532252440040396,2,50.0,-7.500398707355588,2,0.0,0,0,,,0.0,Not enough data
B2+C3+D1+V1,4,-0.4584348027070357,15,53.333333333333336,-0.37415732909567384,28,53.57142857142857,11.76305059220142,2,100.0,6.764276563975499,4,100.0,0,0,,,0.0,Not enough data
B3+C2,2,,0,,,0,,,0,,,0,,0,0,,,0.0,Not enough data
B3+C2+D1,3,,0,,,0,,,0,,,0,,0,0,,,0.0,Not enough data
B3+C2+D1+V1,4,,0,,,0,,,0,,,0,,0,0,,,0.0,Not enough data
B3+C2+V1,3,,0,,,0,,,0,,,0,,0,0,,,0.0,Not enough data
B3+C3,2,,0,,,0,,,0,,12.308925293097543,1,100.0,0,0,,,0.0,Not enough data
B3+C3+D1,3,,0,,,0,,,0,,,0,,0,0,,,0.0,Not enough data
B3+C3+D1+V1,4,,0,,,0,,,0,,,0,,0,0,,,0.0,Not enough data
B3+C3+V1,3,,0,,,0,,,0,,,0,,0,0,,,0.0,Not enough data
C2+D1+V1,3,-4.657513088470853,2,50.0,-1.328717856915273,5,60.0,7.573319101571052,1,100.0,-11.208585225283837,1,0.0,0,0,,,0.0,Not enough data
C2+V1,2,-0.09870020458263731,11,63.63636363636363,-0.45778829478350147,13,61.53846153846154,1.4532252440040396,2,50.0,-7.500398707355588,2,0.0,0,0,,,0.0,Not enough data
